[{"@type":"mappingTemplate","id":"@1","name":"Mapping_RESTV2","description":"","bundleVersion":"0","assetFrsGuid":"2DVR3XuZZ97jz8GpAPyiob","templateId":"@3","hasParameters":false,"valid":true,"fixedConnection":true,"hasParametersDeployed":false,"fixedConnectionDeployed":false,"isSchemaValidationEnabled":false,"tasks":0,"mappingPreviewFileRecordId":"@2","documentType":"MAPPING","references":[{"@type":"reference","refObjectId":"@0ggYzkMvzUCkpVuj0Oevue","refType":"connection"},{"@type":"reference","refObjectId":"@19Vnr3HKkLNi0PN9GmrqE0","refType":"connection"}]}]